idx,query_id,query,mode,scenario,cache_hit,governor_state,client_wall_clock_ms,server_encode_ms,server_dense_ms,server_sparse_ms,server_fusion_ms,server_fetch_text_ms,server_rerank_ms,server_total_ms
1,156087,do earnest money go toward closing,dense,dense_uncached,False,normal,53.68,34.07,7.9,0.0,0.0,6.13,0.0,48.44
2,196655,graphology definition,dense,dense_uncached,False,normal,53.7,32.43,7.49,0.0,0.0,7.76,0.0,48.12
3,947750,when does summer finish,dense,dense_uncached,False,normal,52.77,29.76,10.69,0.0,0.0,6.11,0.0,46.92
4,1086525,what astronomical bodies exist in our universe?,dense,dense_uncached,False,normal,64.52,43.64,7.37,0.0,0.0,7.06,0.0,58.53
5,528278,types of iron lines cornea,dense,dense_uncached,False,normal,59.02,36.87,11.49,0.0,0.0,4.9,0.0,53.73
6,760440,what is ionograph cleaning,dense,dense_uncached,False,normal,50.87,34.71,8.06,0.0,0.0,2.55,0.0,45.68
7,125712,define primary colors,dense,dense_uncached,False,normal,45.28,30.27,7.35,0.0,0.0,2.85,0.0,40.78
8,1085902,what class was uss texas,dense,dense_uncached,False,normal,44.27,28.81,7.46,0.0,0.0,2.31,0.0,38.9
9,1097949,how long is person with the flu contagious,dense,dense_uncached,False,normal,52.1,35.48,8.78,0.0,0.0,2.34,0.0,46.95
10,1090664,sidvokodvo average weather conditions,dense,dense_uncached,False,normal,53.0,38.63,6.44,0.0,0.0,2.4,0.0,47.78
11,1091187,quandary meaning,dense,dense_uncached,False,normal,49.67,33.96,6.74,0.0,0.0,2.7,0.0,43.71
12,1091924,outfall definition,dense,dense_uncached,False,normal,49.37,26.93,13.58,0.0,0.0,3.06,0.0,43.92
13,702179,what is a summer salad,dense,dense_uncached,False,normal,47.24,31.18,8.9,0.0,0.0,2.08,0.0,42.47
14,550293,what age can i start giving honey to a child,dense,dense_uncached,False,normal,51.96,37.55,7.36,0.0,0.0,1.94,0.0,47.13
15,1054047,what is hmc construction,dense,dense_uncached,False,normal,46.45,30.7,8.08,0.0,0.0,2.26,0.0,41.35
16,1102379,why do earthquake occur,dense,dense_uncached,False,normal,45.81,29.45,7.8,0.0,0.0,2.29,0.0,39.92
17,962758,when was tracy morgan's accident,dense,dense_uncached,False,normal,53.83,35.83,8.94,0.0,0.0,2.57,0.0,47.69
18,513238,teradata string manipulation functions,dense,dense_uncached,False,normal,51.51,32.09,8.01,0.0,0.0,3.04,0.0,46.72
19,837740,what is the ops stat for baseball,dense,dense_uncached,False,normal,50.23,34.55,8.1,0.0,0.0,2.1,0.0,45.12
20,918993,what was one way the renaissance changed society?,dense,dense_uncached,False,normal,63.53,46.11,9.07,0.0,0.0,2.32,0.0,57.91
21,789833,what is real wasabi made of,dense,dense_uncached,False,normal,79.12,55.45,8.68,0.0,0.0,8.27,0.0,72.85
22,1083574,what does it mean to say that a population cycles?,dense,dense_uncached,False,normal,54.42,33.85,8.85,0.0,0.0,6.5,0.0,49.56
23,442137,long terms effects of great depression definition,dense,dense_uncached,False,normal,104.41,84.0,7.89,0.0,0.0,6.76,0.0,99.04
24,394244,in what region of the world was maize domesticated,dense,dense_uncached,False,normal,69.98,43.44,8.9,0.0,0.0,8.15,0.0,63.81
25,520578,tiger balm uses side effects,dense,dense_uncached,False,normal,51.49,31.91,7.24,0.0,0.0,6.02,0.0,45.56
26,20461,arabic ahmad definition,dense,dense_uncached,False,normal,52.9,32.51,7.61,0.0,0.0,6.83,0.0,47.36
27,525734,tv show shane cast,dense,dense_uncached,False,normal,51.42,30.27,6.99,0.0,0.0,7.47,0.0,45.11
28,325195,how much money does the u.s. give israel 2015,dense,dense_uncached,False,normal,68.42,46.82,8.36,0.0,0.0,6.37,0.0,61.9
29,1001279,where are the most deserts,dense,dense_uncached,False,normal,56.56,38.36,7.74,0.0,0.0,4.83,0.0,51.31
30,1038214,what is the hypoxic drive theory,dense,dense_uncached,False,normal,69.67,47.88,7.34,0.0,0.0,7.51,0.0,63.06
31,986174,where is lake james in indiana,dense,dense_uncached,False,normal,56.7,30.95,10.7,0.0,0.0,8.93,0.0,51.06
32,606138,what county is franklin wi,dense,dense_uncached,False,normal,51.77,33.18,8.21,0.0,0.0,4.91,0.0,46.62
33,773352,what is monosodium chloride,dense,dense_uncached,False,normal,52.64,32.27,8.0,0.0,0.0,6.78,0.0,47.47
34,1096170,how much does a yoga instructor make a year,dense,dense_uncached,False,normal,69.56,46.35,8.7,0.0,0.0,6.0,0.0,61.48
35,83245,cast jason bourne,dense,dense_uncached,False,normal,54.79,35.63,6.93,0.0,0.0,6.77,0.0,49.7
36,835723,what is the name of the theatre play is considered one of the most important musicals of the golden age of musical theatre.,dense,dense_uncached,False,normal,61.01,42.35,8.44,0.0,0.0,5.4,0.0,56.52
37,1052134,who sings tomorrow from annie,dense,dense_uncached,False,normal,57.78,32.72,7.48,0.0,0.0,7.3,0.0,52.73
38,620643,what diet for diabetes,dense,dense_uncached,False,normal,50.97,32.23,7.42,0.0,0.0,6.28,0.0,46.37
39,1095491,how much should you spend on a wedding dress,dense,dense_uncached,False,normal,50.01,33.66,7.9,0.0,0.0,3.56,0.0,45.43
40,770750,what is meego os,dense,dense_uncached,False,normal,53.19,33.23,7.79,0.0,0.0,6.86,0.0,48.29
41,608254,"what county is lakeland, fl in",dense,dense_uncached,False,normal,52.38,33.01,7.91,0.0,0.0,5.86,0.0,47.16
42,1089374,tv scandal cast,dense,dense_uncached,False,normal,113.99,93.28,8.35,0.0,0.0,6.04,0.0,108.11
43,585818,what causes blockage in dog stomach intestines,dense,dense_uncached,False,normal,74.04,44.24,7.68,0.0,0.0,10.66,0.0,68.19
44,991078,definition of facilitating,dense,dense_uncached,False,normal,59.41,37.04,8.17,0.0,0.0,7.96,0.0,53.66
45,920671,what was the first year of the land speed record,dense,dense_uncached,False,normal,72.67,50.37,9.21,0.0,0.0,6.33,0.0,66.3
46,786502,what is pressure vessel testing and repair,dense,dense_uncached,False,normal,110.05,75.39,9.72,0.0,0.0,16.06,0.0,101.62
47,949869,when is cinemax free preview,dense,dense_uncached,False,normal,80.17,50.6,8.67,0.0,0.0,14.45,0.0,74.08
48,987062,who was a muckraker,dense,dense_uncached,False,normal,80.99,49.99,8.6,0.0,0.0,15.29,0.0,74.3
49,355867,how to do ellipses question,dense,dense_uncached,False,normal,114.25,66.99,15.29,0.0,0.0,23.66,0.0,106.4
50,1085824,what companies does sarbanes oxley apply to,dense,dense_uncached,False,normal,188.56,152.53,12.55,0.0,0.0,15.92,0.0,181.55
